{"cameraMode":{"drawMode":0,"name":"Shaded","section":"Shading Mode"},"sceneLighting":true,"audioPlay":false,"sceneViewState":{"showFog":true,"showMaterialUpdate":false,"showSkybox":true,"showFlares":true,"showImageEffects":true,"showParticleSystems":true},"in2DMode":false,"pivot":{"x":0.252162903547287,"y":9.834081649780274,"z":0.1023058295249939},"rotation":{"x":0.36879149079322817,"y":-0.12904712557792664,"z":0.051787253469228747,"w":0.9190581440925598},"size":0.3597640097141266,"orthographic":false}