{"cameraMode":{"drawMode":0,"name":"Shaded","section":"Shading Mode"},"sceneLighting":true,"audioPlay":false,"sceneViewState":{"showFog":true,"showMaterialUpdate":false,"showSkybox":true,"showFlares":true,"showImageEffects":true,"showParticleSystems":true},"in2DMode":false,"pivot":{"x":2.3561904430389406,"y":3.874729633331299,"z":0.523324191570282},"rotation":{"x":0.22907331585884095,"y":-0.7180362343788147,"z":0.27569741010665896,"w":0.596610963344574},"size":0.3597640097141266,"orthographic":false}